{
    "id": "document-question-answering",
    "version": "2.4.0",
    "meta": {
        "label": "Answers",
        "description": "Answers is a full-featured Chat interface for creating chat bots based on your internal knowledge and data. Requires DSS 13.4 or above",
        "author": "Dataiku",
        "icon": "icon-file-text",
        "tags": [
            "Generative AI",
            "Webapp"
        ],
        "url": "https://doc.dataiku.com/dss/latest/generative-ai/chat-ui/answers.html",
        "licenseInfo": "Proprietary"
    }
}
