{
    "id": "traces-explorer",
    "version": "1.0.5",
    "meta": {
        "label": "Trace Explorer",
        "description": "This plugin provides a visual Web Application to explore Dataiku LLM Mesh traces. Requires DSS 13.4 or above",
        "author": "Dataiku",
        "icon": "fas fa-puzzle-piece",
        "tags": [
            "Generative AI",
            "Agents",
            "Audit"
        ], 
        "url": "https://doc.dataiku.com/dss/latest/generative-ai/agents/tracing.html",
        "licenseInfo": "Proprietary"
    }
}
