{
    "meta": {
        "label": "Traces Explorer",
        "description": "'Traces Explorer' provides a user interface to explore Dataiku LLM Mesh traces",
        "icon": "icon-picture"
    },
    "paramsPythonSetup": "params_helper.py",
    "baseType": "STANDARD",
    "enableJavascriptModules": "true",
    "backendAPIAccessEnabled": true,
    "hasBackend": "true",
    "noJSSecurity": "true",
    "standardWebAppLibraries": [
        "jquery",
        "dataiku",
        "font_awesome"
    ],
    "params": [
        {
            "name": "sepconvo",
            "label": "Configuration",
            "type": "SEPARATOR"
        },
        {
            "name": "llm_responses_dataset",
            "type": "DATASET",
            "label": "LLM Raw Responses Dataset",
            "description": "Select the dataset containing the raw llm responses",
            "mandatory": false,
            "acceptsDataset": true,
            "canSelectForeign": false,
            "canCreateDataset": false
        },
        {
            "name": "llm_responses_column",
            "type": "SELECT",
            "label": "LLM Raw Responses Column",
            "description": "Select the column containing the raw llm responses",
            "mandatory": false,
            "visibilityCondition": "model.llm_responses_dataset != null && model.llm_responses_dataset !== ''",
            "getChoicesFromPython": true
        },
        {
            "name": "sepweb",
            "label": "WebApplication Configuration",
            "type": "SEPARATOR"
        },
        {
            "type": "SELECT",
            "name": "log_level",
            "label": "Logs level *",
            "selectChoices": [
              {
                "value": "DEBUG",
                "label": "DEBUG"
              },
              {
                "value": "INFO",
                "label": "INFO"
              },
              {
                "value": "WARN",
                "label": "WARN"
              },
              {
                "value": "ERROR",
                "label": "ERROR"
              },
              {
                "value": "CRITICAL",
                "label": "CRITICAL"
              }
            ],
            "defaultValue": "INFO",
            "mandatory": true
        }
    ]
}